,fit_time,score_time,test_acc,train_acc,test_sen,train_sen,test_spe,train_spe
0,3.5111074447631836,0.6821110248565674,0.9139784946236559,0.9940769990128332,0.2,1.0,0.984251968503937,0.9881539980256664
1,3.612665891647339,0.6936910152435303,0.8888888888888888,0.9955577492596249,0.32,1.0,0.9448818897637795,0.9911154985192497
2,3.3990561962127686,0.6798617839813232,0.899641577060932,0.9935897435897436,0.2692307692307692,1.0,0.9644268774703557,0.9871794871794872
3,3.3871920108795166,0.6673853397369385,0.9175627240143369,0.9955621301775148,0.34615384615384615,1.0,0.9762845849802372,0.9911242603550295
4,3.391744613647461,0.6743662357330322,0.89568345323741,0.9940828402366864,0.2,1.0,0.9644268774703557,0.9881656804733728
